,Sensitivity,Specificity,Accuracy,AUC
0,0.5192307692307693,0.7692307692307693,0.6858974358974359,0.645658263305322
1,"(0.3868568276805605, 0.6489588555454449)","(0.6795448838800336, 0.8397359253040306)","(0.6093349335305244, 0.7535246176017187)",0.645658263305322
