,Sensitivity,Specificity,Accuracy,MCC,AUC
0,0.6730769230769231,0.8461538461538461,0.7884615384615384,0.5217939320872036,0.7621848739495799
1,"(0.5375618936197395, 0.7847792554143083)","(0.7646197658147565, 0.9030269888504691)","(0.717838210577854, 0.8452197135928682)","(0.5084369846011487, 0.5351197872060847)",0.7621848739495799
