,Sensitivity,Specificity,Accuracy,AUC
0,0.7446808510638298,0.8532110091743119,0.8205128205128205,0.7859943977591036
1,"(0.6049182446958254, 0.8474684596494529)","(0.774792419807628, 0.9075808923129954)","(0.7528207861715982, 0.8727991295736485)",0.7859943977591036
