,KNN_SFE,DT_SFE,SVM_SFE
0,3687.143092393875,8507.812736272812,27656.627072572708
