,Sensitivity,Specificity,Accuracy,MCC,AUC
0,0.6875,0.9166666666666666,0.7857142857142857,0.6041666666666666,0.8020833333333334
1,"(0.44404355834740666, 0.8583535614521797)","(0.646120088858883, 0.985134905595083)","(0.5336024517148255, 0.6706443928546008)","(0.6046141434627813, 0.8978753966710212)",0.8020833333333334
