,Sensitivity,Specificity,Accuracy,AUC
0,1.0,0.6956521739130435,0.75,0.7083333333333333
1,"(0.5655175352168252, 1.0)","(0.491342437312408, 0.84395975546786)","(0.5664432968100105, 0.8732350508070669)",0.7083333333333333
