,Sensitivity,Specificity,Accuracy,MCC,AUC
0,0.46153846153846156,0.6,0.5357142857142857,0.062017367294604234,0.53125
1,"(0.23206067809538303, 0.70856204285494)","(0.357468301206246, 0.8017550385865843)","(0.35812689234467915, 0.7046843001720463)","(0.03582899627147981, 0.10525782487405158)",0.53125
