,Sensitivity,Specificity,Accuracy,MCC,AUC
0,0.8888888888888888,0.7894736842105263,0.8214285714285714,0.6401906392481045,0.8020833333333334
1,"(0.5650002944233439, 0.9801091123614551)","(0.5666572155618584, 0.9149232336708375)","(0.6440857521065705, 0.9212149805439573)","(0.5680663056759784, 0.7064941353078665)",0.8020833333333334
