,Sensitivity,Specificity,Accuracy,MCC,AUC
0,0.7333333333333333,0.9230769230769231,0.8214285714285714,0.6615185844757785,0.8333333333333333
1,"(0.48049565944019434, 0.8910254667430764)","(0.6668604907890041, 0.9862895787574433)","(0.6440857521065705, 0.9212149805439573)","(0.5922782817827379, 0.7244704440268547)",0.8333333333333333
