,Sensitivity,Specificity,Accuracy,MCC,AUC
0,0.9,0.8333333333333334,0.8571428571428571,0.7100469468046932,0.84375
1,"(0.5958499732047615, 0.9821237869049271)","(0.6077796189608428, 0.9416342319413856)","(0.6851019783647471, 0.9430099468025062)","(0.641093495701397, 0.7704954239187355)",0.84375
