,Sensitivity,Specificity,Accuracy,MCC,AUC
0,0.625,0.8333333333333334,0.7142857142857143,0.4583333333333333,0.7291666666666667
1,"(0.38641040545502725, 0.8151876744113636)","(0.5519691377470266, 0.9530348578161462)","(0.3893623769220173, 0.5289388852502123)","(0.5294071156670429, 0.847460039433309)",0.7291666666666667
