,Sensitivity,Specificity,Accuracy,MCC,AUC
0,0.5454545454545454,0.6470588235294118,0.6071428571428571,0.1899901489143371,0.59375
1,"(0.280091537409322, 0.7872872837754024)","(0.41300363485218694, 0.8269027960275627)","(0.4240904429659719, 0.7643431345842041)","(0.1405094622418173, 0.25179092122663305)",0.59375
