,LR,DT,SVM,KNN_SFE,DT_SFE,SVM_SFE
0,12.105247974395752,104.74832487106323,77.00199580192566,62.953060150146484,162.00754189491272,67.2042350769043
